codigo,pelicula,director,genero
O4ONdvoKi,Camera Obscura,Candi Campey,Crime|Drama|Thriller
LRXUYCKzYG2,No Way Home,Antonio Youson,Drama
ziIJnVfapLO,Beautiful People,Marielle Heinemann,Comedy
lwocFYAw,Blues Brothers 2000,Rufus Hitzmann,Action|Comedy|Musical
QkDDpyc,"Celebration, The (Festen)",Ban Sydenham,Drama
QyV9V69T6,Millennium,Gal Rosenhaus,Drama|Sci-Fi|Thriller
20Ka1mL3V0Tv,Blood Feast,Elfreda Davydkov,Horror
RWf2yQg0TuV,"Somewhat Gentle Man, A (En ganske snill mann)",Pru Dorrins,Comedy|Crime|Drama
FMnE3B7S0F43,Cherish,Floris Pinnocke,Comedy|Drama|Thriller
8qySZBBp,Down Twisted,Melessa Aust,Action|Adventure|Crime|Drama|Thriller
Rg9VXaiREDQ,Fury,Magda Timlin,Action|Drama|War
Tq0ziR,Brainstorm,Armin Kippen,Drama|Film-Noir|Thriller
UX717jObuxch,Stealing Harvard,Decca Ricca,Comedy|Crime
68KXQtr9Ns,Empire Falls,Avie Gedling,Drama|Romance
G1KifkVKB,"Dresser, The",Marty Burman,Drama
ZZPsdXkaii,"Das Experiment (Experiment, The)",Vladamir Iskov,Drama|Thriller
ZXYzBSiu8,Anastasia,Odelia Dowles,Adventure|Animation|Children|Drama|Musical
Mse3QPZ,Late Chrysanthemums (Bangiku),Leonhard Merricks,Drama
4olGJexA,"Invisible Sign, An",Karoly Hagland,Comedy|Drama
LN9X6SO,Peepli Live,Axe Decroix,Comedy|Drama
jStVrFAy96ib,My Prairie Home,Will Sefton,Documentary
QJhNUnQi,Majesteit,Alvis Christou,Drama
HDD5lyVuLdT,"Girlfriend Experience, The",Martie Bruneton,Drama
cJmdS5,Attack on the Iron Coast,Chad Readman,Action|Drama|War
gWZ0NzZG,Death in Brunswick,Tomasine Simionato,Comedy
T5o6FNvUHBXn,Montana,Alyse Lillyman,Action|Adventure|Romance|Western
G1BGUxk8,"Young and the Damned, The (Olvidados, Los)",Pammie Bentote,Crime|Drama
xJRVQ9bveoFs,San Antonio,Benni Amdohr,Western
39hGWwNH1muJ,Beneath the Rooftops of Paris (Sous les toits de Paris),Boone Petrosian,Drama
TvKEPHQU7s,Land of Plenty (Angst and Alienation in America),Arman Burstow,Drama
N7TZ02Yir4S,"Closet, The (Placard, Le)",Winnifred Tremblay,Comedy
FmIDvzi4Ls0,"Boys of St. Vincent, The",Hussein Weavill,Drama
4MEImyahk3Yg,We Need to Talk About Kevin,Junette Aubrun,Drama|Thriller
Yx64qI,Modern Times,Gilemette O'Crevy,Comedy|Drama|Romance
5e5f2FQZNiYT,"Cow, The (Gaav)",Kippy Mingauld,Drama
7h649P,"Last Song, The",Kent Pecha,Drama|Romance
rYv0z6sKy,Crooked Arrows,Windy Riddel,Drama
hfLC3hDKHv,Bandwagon,Merle Jarret,Comedy
vihK0QNt4oY,"Fitzgerald Family Christmas, The",Lacey MacCartan,Drama
PeiQFcib,Little Hamlet,Olimpia D'Agostino,(no genres listed)
aGj3sVAhfo,Stevie Nicks: Live at Red Rocks,Donny Ithell,Documentary|Musical
GozcLxM4edYr,Levottomat 3,Tyne Janssen,Romance
GZuOXLK,Secretary,Natalya McGerr,Comedy|Drama|Romance
Dm7UcL8Tdcd3,"Longest Day, The",Kermie McElhinney,Action|Drama|War
j2Sql0d,Eight Days a Week,Aylmar Raggitt,Comedy
wqrJT8BSCgGf,Spartan,Ediva Doag,Thriller
k7QeoxSjzCd,Dodsworth,Willie Tidbold,Drama|Romance
KrAuvcOK,Storm Catcher,Devinne Kitchinghan,Action|Thriller
IalrxOZOnpK,Home Before Dark,Rivalee Onn,Drama
Vq8nSpXFZXA,Disney Princess Collection: Jasmine's Enchanted Tales: Jasmine's Wish,Brok Pagan,Animation
ZUO5Uj2,"Tale from the Past, A (Përralle Nga e Kaluara)",Odie Plumtree,Comedy
cZ1PeDneL,Inspector Palmu's Error (Komisario Palmun erehdys),Karna Stobbs,Comedy|Crime|Mystery|Thriller
NGfQvK,"Gypsy Moths, The",Nial Stearndale,Drama
8fvljC11gJc,"L-Shaped Room, The",Laina Zoellner,Drama
3cETCeHh6Sir,"Good Life, The",Celie Dumbelton,Comedy|Drama
kJu1AZh6A,Zardoz,Alvis Saywell,Fantasy|Sci-Fi
1W9019d,He Who Dares,Constantina Cosely,Action
bNrQJk0EYzH,Miracle,Quinlan McMenamin,Drama
jGU5JkNnKEG,Happiness (Schastye),Cam Rogans,Comedy|Drama
PdNPlHYhr,Charlie Chan at the Olympics,Hedvig Fuzzard,Comedy|Crime|Mystery|Thriller
RrVMpoD,"Last Lovecraft: Relic of Cthulhu, The",Pincas Fletcher,Comedy|Horror
bVUxTXgn,Salvador,Courtnay Loadsman,Drama|Thriller|War
b6mSXEXZNfNj,"Stupids, The",Loni Ramos,Comedy
TdCSjQqHYg,Toomorrow,Lena Hugnot,Comedy|Musical|Sci-Fi
jVG90u,"Devil Doll, The",Chrissy Heatly,Horror|Sci-Fi
dX1VFwQ,Stray Dog (Nora inu),Uriel Millican,Drama|Film-Noir|Thriller
xYhBKNPrLuja,Let Fury Have the Hour,Trish Kornilyev,Documentary
4s5Fn6I3u,Applause,Giovanna Lace,Drama|Musical
kGe04rQ,"Great K & A Train Robbery, The",Hamid Devoy,Action|Western
UPbcdv,"Hot Rock, The",Rhiamon Alsopp,Comedy|Crime
hZKaii,Chicago 10,Kincaid Darker,Animation|Documentary
SXc506UOElD6,Boys Don't Cry,Abdul Monnelly,Drama
ciyGRO23,Cocktail,Jonis Simmen,Drama|Romance
TAJI73JsVc,"Lone Ranger and the Lost City of Gold, The",Meryl Pickard,Adventure|Mystery|Western
TBmb4JAxebf,"Henry IV, Part II (Second Part of King Henry the Fourth, including his death and the coronation of King Henry the Fifth, The)",Trudie Ellingford,Drama
JkCrmFRBo7z,"Fearless Freaks, The",Wang Powlesland,Documentary|Musical
qLTXJpaNxtPe,Angel,Coretta Menere,Action|Crime|Thriller
dzXhGU6m8,"Killings at Outpost Zeta, The",Neila Tolcharde,Drama|Sci-Fi
hDeNYqQip,"Another Day, Another Time: Celebrating the Music of Inside Llewyn Davis",Lamar Storer,Documentary
HDAmDbuebsDI,"Last Hangman, The (Pierrepoint)",La verne O'Hoolahan,Drama
RIqe4yY,Nanook of the North,Hildy Pracy,Documentary|Drama
ODCDfX,"Milky Way, The",Corabelle Coppenhall,Comedy
q7PusjNAd,"Tulse Luper Suitcases, Part 1: The Moab Story, The",Angelo Haste,Adventure|Drama|Fantasy|Film-Noir
3jmq3R,"Mariachi, El",Amandy Dutteridge,Action|Crime|Thriller|Western
0NPAR2LQMB3d,Fugitives (Fugitivas),Elga Hartridge,Drama|Thriller
W4Ao2RBTtj,Sailor of the King,Dukey Benedict,Action|Drama
jpHMFylRHZh,Men Without Women,Olly Coxon,Action|Drama
7oj1YoiS,"Christmas Toy, The",Eloise Lemar,Children|Musical
WjiPbDwK0h,Ghosts... of the Civil Dead,Frayda Swaddle,Crime|Drama
JEkx2l,"Musketeer, The",Fredelia Retallack,Action|Adventure|Drama|Romance
LSODHyYE,Green Street Hooligans (a.k.a. Hooligans),Tomi Huddy,Crime|Drama
iZngJtVqE0p,"Hi-Line, The",Belle Skylett,Drama
5DCPC7jJYYV,Wal-Mart: The High Cost of Low Price,Maison McCready,Documentary
RPdrB6m,"Whales of August, The",Neddie Magrane,Drama
bJRiXyX,"Living Desert, The",Wren Lanceter,Documentary
MMWyOWlSN,Mysterious Origins of Man,Clevie Balog,Documentary
NAQWFVB3,Escape from Alcatraz,Oswell Fielding,Drama|Thriller
6RWW2spA,Lemony Snicket's A Series of Unfortunate Events,Dori Van der Kruis,Adventure|Children|Comedy|Fantasy
ydHNBj,High and Low (Tengoku to jigoku),Kingston Whittlesey,Crime|Drama|Film-Noir|Thriller
0Y7hkfXkn,What Alice Found,Cindee Whyman,Crime|Drama
Y7CscOWA,White Fang 2: Myth of the White Wolf,Karylin Mountney,Adventure|Children
D7MwnD6Su,Take a Giant Step,Deb Bangley,Drama
Ib4ygLLTGl,Another You,Joby Cotta,Comedy
jAmKRmijL,Don't Look in the Basement!,Hattie Ryam,Horror
h2AQFKwL,"Chamber, The",Lindon Pinnell,Drama
Spd4Xk,Morning for the Osone Family,Ariella Falkous,(no genres listed)
eufc9RY,Fighter,Tony Revance,Action|Drama|Romance
JCRAHPb,Gozu (Gokudô kyôfu dai-gekijô: Gozu),Pansy Deplacido,Comedy|Crime|Drama|Horror|Mystery
EMUSF12Jt0,Amour,Vaclav Janek,Drama|Romance
IiSvKebA,Magic in the Water,Giorgi Gallemore,Adventure|Children|Fantasy
nQiiC87,ATM,Brandise Andreini,Horror|Thriller
5eOfHJ6tPjKc,Half a Loaf of Kung Fu (Dian zhi gong fu gan chian chan),Rozalin Hurdwell,Action|Comedy
x9byFw7Ys,Like Dandelion Dust,Misty Yarmouth,Drama
RvAxV5w,"International, The",Bennett Petts,Drama|Thriller
R45oO7FEDapl,Highway to Hell,Nona Sharpless,Action|Comedy|Fantasy|Horror
A78NTtGNYG,Pinocchio,Vail Knowlson,Children|Comedy|Fantasy
JHJ003jF,Frank,Minnnie Neighbour,Comedy|Drama|Mystery
b2GgoXoY77,Embrace of the Vampire,Emogene Rantoull,Horror|Thriller
XvLJq8kry4m,For Greater Glory: The True Story of Cristiada,Zach Stappard,Drama|War
MSKqIDqWi9,Blood on Satan's Claw (a.k.a. Satan's Skin),Glenden Tytler,Horror|Thriller
8wyL0o3,Zoolander,Meggy Beccles,Comedy
WjA9j0nUBC,Three Quarter Moon,Aileen Roots,Comedy|Drama
NT8WDHmQ5,The Tenant of Wildfell Hall,Ikey MacGragh,Drama
6AP5uaHAH,Leaving (Partir),Elmo Hammerberger,Drama|Romance
FDVaIkdw,Shall We Kiss? (Un baiser s'il vous plait),Wadsworth Sally,Comedy|Romance
3iTyzEfJginB,"Yes Men, The",Olympe Jahns,Documentary
V7lWtQDU8,Too Many Husbands,Krissy Lucken,Comedy|Romance
vlxhHVQ5d,Birds of America,Antone Bridywater,Comedy|Drama
RwmMDDY,Cycling with Moliere (Alceste à bicyclette),Drucy Erangey,Comedy|Drama
Tc6cPynDj3uR,Apartment 4E ,Georg Syversen,Drama|Mystery
hdZ9PGBA,Prime Suspect 2,Hervey McNevin,Crime|Drama|Mystery|Romance|Thriller
LlkfUf,Brain Dead,Chelsie Ivons,Horror|Sci-Fi
P5kZD1r,Where the Buffalo Roam,Sybilla Drover,Comedy
FWPkxkFtcDwQ,2012,Maddy Minto,Action|Drama|Sci-Fi|Thriller
xCXEnZz,Involuntary (De ofrivilliga),Sukey Sokale,Drama
sOy6H1,Friendly Persuasion,Lisetta Garfield,Drama
4OFcYCGP0v1,"Outlaw, The (Lope)",Ruby Chatelot,Drama
upML4TSKw,See What I'm Saying: The Deaf Entertainers Documentary,Staffard Piris,Documentary
vmWoxrdoGPvc,The Five Man Army,Eachelle Leckenby,Western
2eHJJ5e,"Guns of Fort Petticoat, The",Westbrooke Jadczak,War|Western
qiGgPvcQeMr,Anything Goes,Lusa Mapplethorpe,Musical
NglvWExRT,House,Kylie Klosges,Drama|Horror|Thriller
0A5oWStUzipY,Hood of Horror,Eadith Rizzolo,Comedy|Drama|Horror
uFWvInh,Fun with Dick and Jane,Janis Antonovic,Comedy|Crime
8auBkK,Mistress America,Kylie Hurdiss,Comedy
gC8yiAwMjcZN,Day of the Dead 2: Contagium,Blinnie Patrie,Horror|Sci-Fi
puPME9cqVB,One Million Years B.C.,Pascale McKeating,Adventure|Fantasy
gbHcbiTTe,1900 (Novecento),Marji Musk,Drama|War
9KWBZr,"Nun, The (La religieuse)",Anjela Waye,Drama
b45O1u,Under Suspicion,Barnie Sergeaunt,Crime|Drama|Thriller
9XgMncJDHCN,Before and After,Griswold Vidyapin,Drama|Mystery
mHTWkK,Telefon,Hamel Mathie,Action|Crime|Thriller
djhBZxfj1t,Get a Horse!,Juliann Faragan,Animation|Children|Comedy
yMUn7S02,Peacock,Giffard Parkin,Thriller
heUaQo8Tgd,Pursued,Harley Sarton,Thriller|Western
WBkMbUz45J,Read It and Weep,Marcelle Iddon,Comedy
A6BEAuN,Nobody Wants the Night,Althea Cramond,Drama
Ic3jZg,Empire,Ad Maro,Documentary
nvQDcGntzs8,"Race for Your Life, Charlie Brown",Valentina Scotland,Adventure|Animation|Children
Yq3Gca,Jane Eyre,Justus Connochie,Drama|Romance
86kFt4L,Norwegian Wood (Noruwei no mori),Esmaria O'Hickee,Drama|Romance
sRwsyKFFHGKf,Light the Fuse... Sartana Is Coming,Cesya Merrifield,Western
zaWRneJX7yU,I Capture the Castle,Evered O' Culligan,Drama|Romance
lCxVtLUUmm4,Just Anybody (Le premier venu),Jaynell Wolfit,Drama|Romance
kOqDLQ7yW,Raspberry Boat Refugee,Bellanca Ladon,Comedy
2JGQlogqS,Christmas Holiday,Trevor Rimbault,Drama|Film-Noir
e2TBmonmTGI,Pajeczarki,Matelda Plank,Action|Comedy
sPS4BGoRL,September,Teriann Wright,Drama
qM7sVHv,Henry,Abigael Maddinon,Comedy
ys0yT1Zd733v,"Mourning Forest, The (Mogari no mori)",Garvin Wallentin,Drama
FkzxVA,Hiding Cot (Piilopirtti),Sileas Hully,Comedy
GJVNB6E7IIbz,Lila & Eve,Celestyna Zarfati,Drama|Thriller
kQziuGY,In the Valley of Elah,Denyse Stickley,Drama|Mystery
pdfq8q6,Lightning Bug,Willie Drinkhill,Drama|Horror|Thriller
E1wfGHG9j,"Rat Savior, The (Izbavitelj)",Xerxes Bury,Horror|Sci-Fi
BJ0LtGY,Private Lives,Margareta Bennit,Comedy|Drama
ALI8KdC,Damnation Alley,Marchelle Whitmore,Drama|Sci-Fi|Thriller
8HNIjH,"Glass Key, The",Brent Chaytor,Crime|Drama|Film-Noir|Mystery
UENWby6U0AAe,[REC]³ 3 Génesis,Rodolph Ciciotti,Horror|Thriller
zu4Nch,Suur Tõll,Stirling Goullee,(no genres listed)
ukHqS0B4,Bachelor Party,Bran Rayworth,Comedy
6hapdWlq,Waterloo Bridge,Biddy Schriren,Drama|Romance|War
OJ7Go36,Western Union,Delora Reeves,Western
XTo7MR,"Boys Next Door, The",Henrieta Lothlorien,Crime|Drama
zLX3eybrfM8J,Go,Stanleigh Walliker,Drama
c6tHgIPH,"Great Ecstasy of Robert Carmichael, The",Melinda Arnson,Drama|Horror
cN8J5RuOZ,Dawn of the Planet of the Apes,Ediva De Michetti,Sci-Fi
gwb1nfq0DuS,Caught Up,Baldwin Greatbatch,Crime
CVcpL5E5hzC,Fast Lane,Stillman Braney,Action|Drama
abnmWJbY2,Superheroes,Judon Galliard,Action|Comedy|Documentary|Drama
kLQmAy3,Caliber 9,Elmer Campanelli,Action|Crime|Thriller
qQAWgiT9,"Boys in Company C, The",Fey Claughton,Drama|War
R5MVJsxRWF,Mortal Kombat,Merline Grazier,Action|Adventure|Fantasy
ciUpjNH,A Night at the Movies: The Suspenseful World of Thrillers,Rutger Ryding,Documentary
ZxjL1csMD2,Lady Dragon,Bartolemo Wolfenden,Action|Drama
RKWXrpmM,"Stranger Among Us, A",Torie Coo,Crime|Drama|Romance
SDtZTvW8I,Something to Sing About,Verne Jobling,Comedy|Musical
xY9LwArUdDB2,Blood Night: The Legend of Mary Hatchet (Blood Night),Sanderson Snoddin,Horror
KApwADxa,"Grand Budapest Hotel, The",Bartlet Garvin,Comedy|Drama
IUoTE4BCD,Nymphomaniac: Volume II,Pooh Worms,Drama|Mystery
zA2GuKlTqj,Holy Wars,Jill Avramchik,Documentary
1JSbCWkXe7,Across the Sea of Time,Taite Hammett,Documentary|IMAX
WTghlnaOjkg7,Ditirambo,Norean Demann,Comedy|Drama|Mystery|Thriller
6yEqPmz,Vlad,Elise Mattke,Horror|Thriller
iPpl946M0N,Out of Life (Hors la vie),Nanete Bowkley,Drama
W24QLmH2i,Cheech & Chong's The Corsican Brothers,Emmaline Gapp,Comedy
YKSyxDL,"Charter Trip, The (a.k.a. Package Tour, The) (Sällskapsresan)",Connie Farrall,Comedy
UHhTqG6p,Charles Bradley: Soul of America,Adolph Tondeur,Documentary
ewpCFjA0eyFX,Suur Tõll,Leia Sayers,(no genres listed)
Pep8WB,The Natural Love,Cheryl Rediers,Documentary
HfP2Td6HJM,Woyzeck,Josee Blaksland,Drama
lAU6gU,66 Scenes From America,Colly De Filippi,Documentary
EzEPHuSZj,"Tsatsiki, Morsan och Polisen",Teresita Yearn,Drama
K1Ctzh0woW,Patience (After Sebald),Ashly Fincher,Documentary
OkvW1ap1NEY,One Hour Photo,Janeczka Batch,Drama|Thriller
GU5X6Go9k,LOL,Sydney Filipponi,Comedy|Drama
ojLUOzcCj57,Tremors,Cointon Seggie,Comedy|Horror|Sci-Fi
9Zs6EP2NQ,Family Law (Derecho de familia),Joane Pretswell,Comedy|Drama
3xhcNzUiE,I Shot Andy Warhol,Marys Pflieger,Drama
vZSP9bvIY,"Cameraman, The",Jobey Moen,Comedy|Drama|Romance
m9rKDFMlLKsf,"Pledge, The",Biddy Guilbert,Crime|Drama|Mystery|Thriller
4rcmWPw1sBjX,The Best of Me,Wiley Nasi,Drama|Romance
YjtyZHT,Pluto's Christmas Tree,Bradney Dakers,Animation|Comedy
WwvbFvQ,Haunted,Arielle Dicty,Drama|Thriller
DnHlBzfN,Udaan,Kipp Darnbrough,Drama
WHuiMvbtxm2G,"Dust of Time, The",Paxton Tookey,Drama
GEmrXxGA,Don's Plum,Annabell Rzehor,Drama
xh3tcHNfJ1,Love and a .45,Marja Dooman,Action|Comedy|Crime
HDv8Lh1,Pauline détective,Cecilio Barraclough,Comedy
7s55mlF6qV,Meet Me in St. Louis,Hazel Ellaman,Musical
LLG2iJz9,Asterix & Obelix vs. Caesar (Astérix et Obélix contre César),Roldan Ambroz,Adventure|Children|Comedy|Fantasy
V9kYopPs5md,Taffin,Casie Dominichetti,Action|Thriller
qUqIfPdjS,"Obama Deception: The Mask Comes Off, The",Steffane Wesker,Documentary
KfMeTTn,Crazy Stone (Fengkuang de shitou),Burr Bottoms,Comedy|Crime
US9MZLZf242,Don Juan DeMarco,Sebastiano Braim,Comedy|Drama|Romance
E6qluK,Lancelot of the Lake (Lancelot du Lac),Cthrine Glackin,Drama|War
PUMyfgS5R4,"Cider House Rules, The",Willy Sterte,Drama
XBfg9JTXm6,Picnic,Bambie Basso,Drama
uajQzmAu,"Tender Trap, The",Townie Kisar,Comedy|Musical
EWua6LS0i,"Long Riders, The",Clarke Antognoni,Western
4kYGHp8XjH,Nomads,Lula Garment,Horror|Mystery|Thriller
LOZHmPH1,Tropical Malady (Sud pralad),Alta Warriner,Drama|Fantasy|Romance
PsbPG7,"Last Godfather, The",Caryn Penreth,Comedy
YNdI8NL,Tainted,Rosalia Ledner,Comedy|Thriller
4McBFw,Date Night,Amble Stormes,Action|Comedy|Romance
StX8XoyO,"Merry War, A",Halette Crake,Comedy
ymdHJZVT,Moliere,Harriette Wixon,Drama
yJErgG9M,Just a Little Harmless Sex,Laughton Glenton,Comedy|Romance
fEnz5HKa0Gd,"New York Ripper, The (Squartatore di New York, Lo)",Flss Danzey,Crime|Horror|Mystery|Thriller
ZsmMet,"Widow of St. Pierre, The (Veuve de Saint-Pierre, La)",Ivy Kittow,Drama|Romance
oITxj3,"Town That Dreaded Sundown, The",Patton O'Henecan,Crime|Drama|Horror|Mystery|Thriller
ubHLeEXnKTj,Colpo in canna,Zaria Shalliker,Action
qslYmcRfi,Whistle Down the Wind,Debi Iacomettii,Drama
ssulaM,"What's New, Pussycat",Gilbertine Varne,Comedy
hV4HSc,"Leaning Tower, The (Kalteva torni)",Christiana Kelsow,Comedy
n3lZI3v,It,Eziechiele Waddicor,Drama|Fantasy|Horror|Mystery|Thriller
j0jsKaeKXy3v,Kites,Lorne Deniso,Action|Drama|Romance
3wMrC1t,Friends and Family,Olly Rippingale,Comedy
6137kDew,Signs of Life (Lebenszeichen),Ermentrude Foston,Drama
r5WC2N3s7,Trauma,Shermy MacKnight,Drama|Mystery|Thriller
kPhFa9Sdv,Indiscretion of an American Wife (a.k.a. Terminal Station) (Stazione Termini),Dominick Lowdyane,Drama
JpmCyfSI,Sunset Strip,Nalani Stronack,Documentary
FWHVE5jmJCL,Marvin Hamlisch: What He Did for Love,Ailyn Yeliashev,Documentary|Musical
xQFhs6a,This Girl's Life,Patsy Tellesson,Drama
DXeR9P9i,When Nietzsche Wept,Toddy Upham,Drama
2WkEqXzWe,Smart Money,Ingeberg Redman,Crime|Drama
F4r7lcwBUbn,"Trial of Billy Jack, The",Nial Fudge,Action|Drama|Musical
fyunUNTYk,Zatoichi's Cane Sword (Zatôichi tekka tabi) (Zatôichi 15),Cordy Hambatch,Action|Adventure|Drama
Wgkm6U,Reform School Girls,Aimee Sail,Action|Drama
ctOK3wRX,One Point O,Donna Fessions,Drama|Mystery|Sci-Fi|Thriller
5RKZNiULm,"Last Seduction, The",Brandea Prosek,Crime|Drama|Thriller
o0NiUA,Get Rich or Die Tryin',Christyna Verheyden,Action|Crime|Drama
rQzVoy9ejt,Taste the Blood of Dracula,Clayson Pichmann,Horror
QSmUdk41u5a5,Karlsson Brothers (Bröderna Karlsson),Else Locard,Comedy|Drama
kFYR5xMxfoK,Dangerous Beauty,Marylee Crisell,Drama
NDdmhbzbs,"Glass House, The",Gabie Jaggers,Thriller
v8K2af,Sofia's Last Ambulance (Poslednaka lineika na Sofia),Inness Duligal,Documentary
dAlEdzxIKKik,"Canterbury Tale, A",Felizio Drewry,Drama|Mystery|War
Lgw3vRUXp,Murder Over New York,Fleur Vuitte,Comedy|Crime|Mystery|Thriller
CoSZpIvnM,Wild Zero,Anatole Eagling,Action|Comedy|Horror|Romance|Sci-Fi
T7WAFI,Good Vibrations,Seka Filipychev,Drama|Musical
3NDGh3uYX,M,Walton Kornacki,Crime|Film-Noir|Thriller
Y0YiG3m0HNN,Act of Valor,Berenice Gregoletti,Action|Thriller|War
iMI4gJWe6,"Friend Is a Treasure, A (Chi Trova Un Amico, Trova un Tesoro) (Who Finds a Friend Finds a Treasure)",Tracie Necrews,Action|Adventure|Comedy
FtHwLW,Little Women,Henka Jedrysik,Drama|Romance
ggNSyX,Babbitt,Andriana O'Kinedy,Drama
1BJyunZ6pD,"Party, The",Devina Ibell,Comedy
MaBFnTvr,Jonestown: Paradise Lost,Aguistin Hartfleet,Documentary
rI7t6XTzGlk5,Time of the Gypsies (Dom za vesanje),Rabi Riddell,Comedy|Crime|Drama|Fantasy
kCK7cCq6Qj,"Internet's Own Boy: The Story of Aaron Swartz, The",Auguste Heinemann,Documentary
0lJwba,Nightcap (Merci pour le chocolat),Salomone Beany,Crime|Thriller
yIe2iBTcxdT,Film ist.,Clayborne Carriage,Documentary
9hTwn4U,"Wedding Banquet, The (Xi yan)",Eduino Gardner,Comedy|Drama|Romance
neTPDlYO,Legend of the Village Warriors (Bangrajan),Loleta Bundy,Action|Drama|War
FMfUupgX,"Show, The",Moll Keddle,Documentary
eLKAjus,The Auction,Antonia Blunden,Drama
WtqjZNae,Alien Space Avenger,Thacher Ayris,Comedy|Horror|Sci-Fi
yqniRpzZ,As You Like It,Lonee Aslam,Comedy|Drama|Romance
RYxhzCYS5,Those Who Love Me Can Take the Train (Ceux qui m'aiment prendront le train),Kimmy Jerdan,Drama
JaR4TnmC,Jimi: All Is by My Side,Garfield Moakes,Drama
U5mecc6wLf,Brigham City,Dalila Duffitt,Crime|Drama|Mystery
HbuLSA0a,Bad Girl Island (Sirens of Eleuthera) (Sirens of the Caribbean),Franni Dannett,Mystery|Sci-Fi
OdEFz8uTjsk,"Toy, The (Le jouet)",Justinn Ferreli,Comedy
lDWLizEegP2,Being Julia,Clemente Gillings,Comedy|Drama
aYw4bwSlggNv,"Penalty, The",Neille Overstreet,Crime|Drama|Horror
UXzu9WFJ,"Spiderwick Chronicles, The",Darbie Kidner,Adventure|Children|Drama|Fantasy|IMAX
SbEob6bTkqIz,Rumor Has It...,Allen Bramham,Comedy|Drama|Romance
LksGE8X28rU,Those Magnificent Men in Their Flying Machines,Maryjane Galler,Action|Adventure|Comedy
QYgtY9hj,Araya,Adham Axell,Documentary
FUBVRojOBgZ,The Sky Dragon,Wandie Whitmore,Adventure|Comedy|Crime|Mystery|Thriller
zgvSHEr8VRf,"Situation, The",Collete Kinsey,Drama
bPHRdnAH,Mosquito Squadron,Beryle Bowman,Action
7aRZzU,"Pit, the Pendulum and Hope, The (Kyvadlo, jáma a nadeje)",Sargent Childerley,Horror|Thriller
ZlMA8yMqF3k,*batteries not included,Cornelia Lamasna,Children|Comedy|Fantasy|Sci-Fi
PVFRel,Dog Days (Hundstage),Tarra Chilles,Drama
JhISILlSGeVc,Troubled Water (DeUsynlige),Gunilla Birchenhead,Drama|Thriller
12dZLelGm,Culloden (The Battle of Culloden),Ralph Stabler,Documentary|Drama|War
9qyhRo4u,"Odd Couple II, The",Daryle Inchbald,Comedy
sS0N40vx,Commandos Strike at Dawn,Raleigh Fosdyke,Drama|War
sjchRnooVtP,"Signal, The (Señal, La)",Lynn Golden of Ireland,Drama|Film-Noir|Mystery|Romance
W3EeSoMT9pU,Pigskin Parade,Rowney Lemme,Musical
Gyy1IF2k,Where the Heart Is,Fawne Applin,Comedy|Drama
vW8j1ZvKP6,Titanica,Stevana Coulson,Documentary|IMAX
aH6Ztx2jGmQB,Big Animal (Duze zwierze),Eva Mussard,Comedy|Drama
yoYgdXDbPHM3,Kaboom,Roshelle Da Costa,Comedy|Sci-Fi
WVp1sIE,"Hallelujah Trail, The",Datha Tremmil,Comedy|Western
ZOUfbiJeJ,Jim Carrey: Unnatural Act,Alma Wilks,Comedy|Documentary
QV04k2dvB,Notes on a Scandal,Cullan Boame,Drama
wZJxue4LF5A7,Kill Theory,Mellie Kippin,Horror|Thriller
v1tDnv80qDxT,"Seafarers, The",Deni Augie,Documentary
3OWYDbI,Time and Tide (Seunlau Ngaklau),Nate Ladbrooke,Action|Crime|Thriller
aEgdDg,Jesse Stone: Death in Paradise,Isidora Juszkiewicz,Crime|Drama|Mystery
1YKl3Nx1ajkt,"Revenant, The",Stephannie Barwack,Comedy|Horror
uhRTlK3,Follow Me Quietly,Marty MacAdam,Crime|Drama|Film-Noir|Mystery
TqWGCzp,Three Kingdoms: Resurrection of the Dragon (Saam gwok dzi gin lung se gap),Xylina Boynton,Action|Drama|War
4F66Ww93SS,Indiana Jones and the Last Crusade,Kellyann Pelchat,Action|Adventure
Y4AbzKmGC,Nightbreed,Ronnica Blakesley,Fantasy|Horror
17IivtZkh,Waydowntown,Karlotta Segoe,Comedy
dk6d7XK,The Magic Box,Terrel Winkless,Drama
UwrAxoLcpLC,"Red Shoes, The",Godiva Breens,Drama|Fantasy|Musical|Romance
GKhAS6TRK28,51,Mario Blackmoor,Horror|Sci-Fi
g9haECw,Venice/Venice,Verile Pittendreigh,Drama
VAujkA,"Burn, Witch, Burn (Night of the Eagle)",Di Naerup,Horror
nv2n1iNHYuf,"Magic Christmas Tree, The",Foster Skeath,Children|Comedy|Fantasy
rQp4D7,"Fûke, De",Caldwell Lamden,Drama|War
Elax2E,Public Access,Cora Chatten,Drama|Thriller
TdLUyPsHEdE,American Hustle,Bili Aidler,Crime|Drama
0WkqUg8Jjb,"Lords of Discipline, The",Harrie Carnilian,Thriller
uuZ3KMfFSG,Abouna,Clarabelle Sailor,Drama
ZAl85asSvJ4c,Allegro non troppo,Patty Burgill,Animation|Comedy|Fantasy|Musical
s10WOAbBuXs6,16 to Life,Jamill Sleightholm,Comedy|Drama
eX00eoFExu,Decision Before Dawn,Gian Farmiloe,Drama|War
ZsrrnMiD,The Arrival of Joachim Stiller,Fredrick Hooke,Drama|Fantasy
bUHVqTw1,Pavilion of Women,Tybalt Januszkiewicz,Drama
fgPez5c,[REC],Oswell Tasseler,Drama|Horror|Thriller
X2AuTqAzF8t,"Magic Gloves, The (Los guantes mágicos)",Ivan Sewall,Comedy|Drama
eo2bm9,"Lovers on the Bridge, The (Amants du Pont-Neuf, Les)",Tobiah Kubiczek,Drama|Romance
6O5Xqpc,Belly,Israel Bebbell,Crime|Drama
xe2VmwcMnH,Red Dust,Lisette Oxbury,Drama
FxwHG9reqx,Send a Bullet (Manda Bala),Karia Larcier,Documentary
25auBmBt,"Surrender, Dorothy",Marj Todarello,Drama
vx7Ko05eBzTa,Sparks,Kean Whewell,Action|Fantasy|Mystery|Sci-Fi|Thriller
ZCzO1OJZsL,Tender Is the Night,Brandyn Lafond,Drama
1Bj28J,Siegfried,Lanny Prowse,Comedy
gRf795uUR,Brother Bear 2,Bonny Pechet,Adventure|Animation|Children|Comedy|Fantasy
zQWNom,Rubin and Ed,Vivienne Heitz,Comedy|Drama
LuCcFsp,The Vanishing American,Cesaro Raff,Western
7bSm48tcv6,"Yes Men Fix the World, The",Etta Darragon,Documentary
gq66sJxdp5,"Welcome Home, Roxy Carmichael",Kaja Gell,Comedy|Drama
NXxQdlFFM,Apartment Zero,Ellissa Renals,Drama|Thriller
FTbHuSLWn,For the Love of Movies,Claudette Loosely,Documentary
5o2BAJpF7PZ,"Dog, The",Rochella Piddocke,Documentary
cJnJbUl,"Sure Thing, The",Sheeree Spinley,Comedy|Romance
iEmN3B,Lower City (Cidade Baixa),Sherill Ankers,Drama
dhed5tR,"Dukes, The",Aldous Gorsse,Comedy|Crime|Drama
bu4JzjyuDb,Blood Done Sign My Name,Darby Bonhill,Drama
EoycIAH,Sovereign's Company,Marylynne Kear,Drama
OFy0XnoPzK9J,Secuestro Express,Gayelord Rumke,Action|Drama|Thriller
P1tn9RS,"Telephone, The",Lindie Beadnall,Comedy
Hb37xc,Homevideo,Flora Askam,Drama
0ydKmvxUy,King of Texas,Tucky Fidoe,Drama|Western
P3VKC3bDe,"Land Before Time, The",Sibby Kleinzweig,Adventure|Animation|Children|Fantasy
tjkoVcFvNZ0p,Fear,Moyna Niblett,Horror|Thriller
G4TONsDSGj,Sabotage,Carolyne Paling,Action|Crime|Drama
o8WCAw930,Aurora Borealis,Kat Stainton - Skinn,Drama|Romance
3EzcPEvC,We Own the Night,Erastus Maasze,Crime|Drama
sgvuEshF,Praise,Frayda Corbitt,Drama
sQtr0De,Tightrope,Millicent Burness,Thriller
4EbV0vjtqlB,Just a Sigh,Linette Sommerly,Drama|Romance
Hk32Cfb4q3,"Great Locomotive Chase, The",Hayley Lukes,Adventure|War
dTk9z2UvBk,The Big Sleep,Nataline Jansson,Thriller
2EvX22Fd3B,Al Franken: God Spoke,Vincenty Cromley,Documentary
VcZMGZMlrh,Honeymoon,Zeke Krolik,Horror
xItNww,My Prairie Home,Tamma Sprake,Documentary
gKNPtx,American Ninja,Yance Dayer,Action|Adventure
ZZ7HL4PmL1d,Serving Life,Jonell Clyburn,Documentary
jpfutdA5gU,"Squall, The",Ronnica Etherson,Drama
xQXexlw7ASm,Native Son,Emily Swanger,Drama
c8Wwf2r49yvF,Black Hand,Rockwell Matthews,Crime|Film-Noir|Thriller
1LgEad,Style Wars,Preston Cornforth,Documentary
RvUJCq6D5L,The Stranger's Return,Maris Giorio,Comedy|Drama
laNZ06Nfdd03,"Cross of Lorraine, The",Jonie McKeveney,Drama|War
cUSzj5UJnS,Hamlet 2,Jennie Fernant,Comedy
pLxIRy60H4b,"Gambler, The",Carmelina Tanguy,Drama
ZfDUQFR,Day Night Day Night,Marietta Risso,Crime|Drama|Thriller
6u5RYl,Wrong,Bartholomew McCaskell,Comedy|Drama
gO2EZn99S,Play Girl,Wayland Oleksiak,Comedy|Romance
7C6pIJsSu,"Square, The",Naomi Klagges,Thriller
Q7VdDpQIP,"Tale of the Wind, A (Histoire de vent, Une)",Yovonnda Padwick,Documentary
oPcFrb,Nueba Yol,Franchot Bythway,Comedy|Drama
hQjZWYlz,"Good Woman, A",Manon Vogelein,Comedy|Drama|Romance
OmDJ7Pn,Jesus' Son,Fitz Spoward,Drama
51qRmZmYt7iJ,Whatever Lola Wants,Margi Hartness,Drama
VrE7wfAK1,20th Century Boys - Chapter 1: Beginning of the End,Percy Lilie,Adventure|Mystery|Sci-Fi
nlaCiv,Cinema Paradiso (Nuovo cinema Paradiso),Dani Chang,Drama
i93nkk3,A Run for Your Money,Leonora Paxforde,Comedy
KJlchQ952,Cinema Komunisto,Stephi Clibbery,Documentary
FKcLyF3C,X-Men: The Last Stand,Juditha Bagwell,Action|Sci-Fi|Thriller
amisUJYE,Stand-In,Tootsie Nealy,Comedy
ffs1gJ,Quinceañera,Hilda Anwyl,Drama
SLjISG,Husk,Bobbi Fleg,Horror|Thriller
wQmUPILE,Italianamerican,Coreen Romayn,Documentary
RLu0vQzEFO8,Kung Fu Dunk,Spike Jansema,Action|Adventure|Comedy
DQFAM3IKcuo,"Pride and the Passion, The",Binni McGrill,Adventure|War
BTjSLFknHe,Darkness,Augustus Fasey,Horror|Mystery
0XrKDsZ,"Business of Being Born, The",Keelby Pirt,Documentary
6ERTCHjM2LZN,"Carabineers, The (Carabiniers, Les)",Matias Maillard,Comedy|Drama|War
W54lY0MU,Armageddon (Armaguedon),Tess Raffon,Crime|Thriller
3bWgQWKdCL4h,55 Days at Peking,Steven Muckle,Drama|War
WRn4qMYlS,Fanny,Kaye Fennick,Comedy|Drama|Romance
9EzeurgNJoA,A Story of Children and Film,Linell Loffhead,Documentary
IMgrBu,Wife! Be Like a Rose! (Tsuma yo bara no yo ni),Isidor Ervin,Drama
Y878GuOBj,Moebius Redux: A Life in Pictures,Ainslie Hurtic,Documentary
dkQKte51izO,Sleep Dealer,Kamillah Adamovitch,Sci-Fi
HRKQZH,"Desert of the Tartars, The (Deserto dei Tartari, Il)",Gilda Sansum,Drama|War
9Y2P5h,Blind Date,Anson Rieme,Comedy|Romance
iQIuSyMNEgw,"Cage aux Folles, La",Bryan Deverson,Comedy
WlhgN0oZA3,"Silent Night, Deadly Night III: Better Watch Out!",Arleyne Wilcockes,Horror
9wyCLo9xU6P,Reno 911!: Miami,Pancho Swain,Comedy
sWgn7o5,Wayne's World 2,Oliviero Moodie,Comedy
cfQwKyJVyS,Last Train Home,Dana Gedge,Documentary|Drama
Kh6kvYnqK,Ann Carver's Profession,Matthias Gravett,Drama
lyOjQV7iwdQ,"Cross: The Arthur Blessitt Story, The",Kessia Keddey,Documentary
U8w3QALq6F,Autumn Ball (Sügisball),Valeda Glanfield,Drama
QYzWtVF2T,Facing the Truth (At kende sandheden),Goldi Dockrell,Drama
SF2He1,Little Women,Berrie Halliberton,Drama
K4JrT7rObUQ,What! No Beer?,Othello Melpuss,Comedy
pvZzSUK1C,"Scenic Route, The",Tobiah Dickins,Drama
n9OWnX,Hang 'Em High,Cariotta Phaup,Crime|Drama|Western
knGaBjnbLo,Johnny Express,Noel Di Dello,Animation|Comedy|Sci-Fi
RFjCPJ,"Flight of the Phoenix, The",Amalea Hanes,Action|Adventure|Drama
wh8fZdMDQ2T,No Looking Back,Hansiain Keune,Drama|Romance
yGPTvm8g8T,Baraka,Lauryn Albrighton,Documentary
T3UJQHXwWC,J. Edgar,Lolly Lacrouts,Drama
HBN1iB,Walking Tall Part II,Nelia Hince,Action|Adventure|Crime|Drama
FuItboOh,Return of the Living Dead Part II,Christabel Ritmeyer,Comedy|Horror
Pnd7A7V4O,The Case of the Scorpion's Tail,Ange Mahy,Mystery|Thriller
r1o5Mgz8KqXn,Sovereign's Company,Lorry Drinkwater,Drama
n7qLnG0FQ,Smiling Fish and Goat on Fire,Ralf Nock,Comedy|Romance
iHUQDrVw,Like It Is,Charlotte Malyj,Drama
KwqIajcqp,Defiance,Florrie Earthfield,Drama|Thriller|War
UkexBV,Protocols of Zion,Malia Esome,Documentary
EgtUPd1u,Force of Execution,Charmane Munton,Action|Crime
EQHDMh,"South, The (Sur, El)",Giraud Staniland,Drama|Romance
wZj679,"Karate Kid, The",Lacee Renahan,Action|Children|Drama
VjOyxQhD,Chandni Chowk to China,Wenona Cawsey,Action|Comedy
GpLa51USQWCr,"Warrior's Way, The",Nanny Jilliss,Action|Fantasy|Western
ZofxgkD0Llf,Ninja Assassin,Madeline Apted,Action|Crime|Drama|Thriller
XUlEzDztLS,I Accuse,Anderson Menchenton,Drama|Horror|War
7atioU,Babylon 5: Thirdspace,Peirce Burdis,Drama|Sci-Fi
f5dQ9KrC,Two if by Sea,Petr Cornillot,Comedy|Romance
976PVs60P,Fatal Beauty,Brand Dowles,Action|Comedy|Crime|Drama
6BygSxV,Strange Invaders,Elsey Tirkin,Animation|Comedy
GRcypa5nW,"Jackal, The",Immanuel Asher,Action|Thriller
xywrDnVcm,"Heart Is a Lonely Hunter, The",Moyna Goldine,Drama
e6m1xDHf87F5,Burn Notice: The Fall of Sam Axe,Xylina Habbes,Crime|Drama|Mystery
PX3Q31Yg4,Eight Below,Richie Clowney,Action|Adventure|Drama|Romance
ZhM9AA,"Strange Case of Dr. Jekyll and Miss Osbourne, The (Dr. Jekyll and His Women) (Docteur Jekyll et les femmes)",Elene Sitwell,Horror
Ld1yGgyAbGs,Shoot-Out at Medicine Bend,Tonia Bahike,Western
JRhZRO,My Left Eye Sees Ghosts (Ngo joh aan gin diy gwai),Filippa Naisby,Comedy|Fantasy|Romance
lEi5EE1rlE,"Killing of America, The",Audrey Higford,Documentary
D1EqeUA,Play it to the Bone,Mathe Bateman,Comedy|Drama
ONoGq7WFNlPB,Of Mice and Men,Georgeanne McCathay,Drama
7IUY3MJJy,"Film with Me in It, A",Winfield Spilsted,Comedy|Thriller
GePxyCS2Alw,"Christmas Party, The (Joulubileet)",Killian Simkovich,Comedy
EfLCXk0MMRf,"City, The (Ciudad, La)",Meg Ferrai,Drama
Z4QmrVrnalc,Man Trouble,Brandy Castella,Comedy|Romance
bPZuyNhlJA,Captains Courageous,Bridie Crummy,Adventure|Drama
HNgnMTRO,Sunflower (Xiang ri kui),Krystyna Stoggell,Drama
Zl7nG7oef,"Money Pit, The",Tabina Stonbridge,Comedy
9NCmDZcIgUet,Romeo Must Die,Gussie Mellonby,Action|Crime|Romance|Thriller
yY9ZqdUCa,Off the Charts: The Song-Poem Story,Hilde Alfwy,Documentary
S4bnkq,"Hudsucker Proxy, The",Nathalia Jollands,Comedy
RrSUgbk6,Mon Oncle Antoine,Newton Giovannetti,Drama
biso2r,The Magical Legend of the Leprechauns,Ernaline Placido,Adventure|Children|Comedy|Fantasy|Romance
PbzHYXfPkc1,The Burglar,Nat Stollsteimer,Crime|Drama
5YUAZc,Crossfire,Bendite Kullmann,Crime|Film-Noir
rTzNDjJTzi,Camille,Dusty Tampion,Drama|Romance
mlJ64kR7iaU,Pale Cocoon (Peiru Kokun),Jamie Blackmore,Animation|Sci-Fi
zoTrSfDoXEj,"Lizard, The (Marmoulak)",Selena Korneluk,Adventure|Comedy|Crime
j9CRjs2WkgBz,Three (Tri),Burty Goodreid,Drama|War
ckUDhpV,Tyler Perry's Meet the Browns,Noel Dandison,Comedy|Drama|Romance
olImRcZx,Living in Emergency: Stories of Doctors Without Borders,Gaven Swash,Documentary
fUoSyqOKv,Lonely Hearts,Odelinda Gilliard,Crime|Drama|Thriller
vD4ZmPkuq,Salaam Cinema,Jillie Rasper,Comedy|Documentary|Drama
VU8VFX0qXUrX,"Ballad of Ramblin' Jack, The",Mel Ovitz,Documentary
y3MKDEfFnpI,The Suspicious Death of a Minor,Holt Theakston,Comedy|Crime|Thriller
KQJv9kbHPO8Z,Codebreaker,Cheryl MacGeaney,Documentary|Drama
mxsppxm,"War You Don't See, The",Robbie Papa,Documentary
r6amlPqiw,Yumurta (Egg),Karil Jiggins,Drama
LDQSSZX9qCaA,Lambada,Marjorie Tucknott,Drama
YrM7T3WnnV,Starship Troopers 2: Hero of the Federation,Haley Boughton,Action|Horror|Sci-Fi|War
0woMXRBTeny,"Mattei Affair, The (Il caso Mattei)",Christan Layman,Crime|Drama|Mystery
Bp1htqmy,Secret Ceremony,Aindrea Champkin,Drama|Thriller
VElCadQ,El asombroso mundo de Borjamari y Pocholo,Ryan Lorimer,(no genres listed)
AuVF87FDLpo,Henri-Georges Clouzot's Inferno (L'enfer d'Henri-Georges Clouzot),Hollis Castledine,Documentary
cLet2G5,Southland Tales,Guendolen Watling,Comedy|Drama|Sci-Fi|Thriller
2Vg4nm,Shame,Loise Methringham,Drama
Djl08fF,Harakiri,Marcos Minette,Drama
1euc8Gah,"Duellists, The",April Veitch,Action|War
S5y7Uus,Remorques (Stormy Waters),Farly Henze,Action|Drama|Romance
3xZPrk,Slave Ship,Ryann Sendall,Adventure|Drama
2bGegG3UW,Tentacles (Tentacoli),Emile Rawlins,Horror|Sci-Fi|Thriller
Or50rZi8s,"Night Stalker, The",Sam Cleverley,Horror|Thriller
7LvhmtB,"Fiancee, The (Parineeta)",Catlaina Laurent,Drama
NrM0PnT8z,Lisa,Daile Merrien,Drama|Thriller
HCXnJ7Z,My Life in Orange (Sommer in Orange),Sally Wellbeloved,Comedy
uJGnNTptG,"Living Wake, The",Chester Lothlorien,Comedy
DOX8o8b,Women Art Revolution,Vaclav Dignan,Documentary
ueVqVvHtg,"Fast and the Furious, The",Muhammad Kedie,Crime|Mystery
aFuZQXdnZ4,Easier with Practice,Gannon Caldero,Drama|Romance
OgQ64iw8ikBD,Hulk,Bianca Bennington,Action|Adventure|Sci-Fi
0bdE5ImDzl,Bunny and the Bull,Bendite Vannikov,Adventure|Comedy|Drama
Xf6J7VRI,Sitting Bull,Marianne Burnyate,Western
Lop8zzAna1,Halloweentown,Frederica McKerley,Adventure|Children|Comedy|Fantasy
7HLLD2Na,Koran by Heart,Cari McClintock,Documentary
vhaADvv,Gang Related,Leoline Scobie,Crime
JITkZC2l7,Song of the Thin Man,Georgeta Float,Comedy|Crime|Drama|Musical|Mystery|Romance
eObpCNkwc,"Tao of Steve, The",Raynor Sale,Comedy
zIf7gKy,Fanfan la Tulipe (Fan-Fan the Tulip),Moises Hodgin,Action|Adventure|Comedy|Romance|War
CpY918A,"Man with Two Brains, The",Gena Mattityahou,Comedy
EEK8JbI,"Dinner Guest, The (L'invité)",Mavra Ochterlony,Comedy
4I9y1F4919Cb,"Gentle Breeze in the Village, A (Tennen kokekkô) ",Mychal Oxtarby,Drama
74d1kp,Once Upon a Scoundrel,Hamil Huban,Comedy
SNS7mqCI0nTr,Women on the Verge of a Nervous Breakdown (Mujeres al borde de un ataque de nervios),Nesta Stronack,Comedy|Drama
Ap8ztiVaE,Legal Deceit,Filippa Blesing,Thriller
DFUQsfz5j78E,Je suis né d'une cigogne,Annissa Rowling,Comedy|Fantasy
90jnQzudN6W3,Enter the Void,Rozelle Longworthy,Drama
LKg36UHfP,"Verdict, The",Cornie Lempenny,Crime|Drama|Film-Noir|Mystery|Thriller
egxiDGJ6YCu,Bohemian Eyes (Boheemi elää - Matti Pellonpää),Pablo Cumpton,Documentary
ONapgrg6,Sirocco,Elijah Ruff,Action|Drama
1gkWpXOlESG,Victim,Inness Downie,Crime|Drama
1YBx7w5,61*,Seymour Blowers,Drama
hx8ctsVVs2kW,Untamed Heart,Johnath Chapman,Drama|Romance
6M226bl66,Getting to Know You,Jon Elia,Comedy|Drama
QcInfP8N9tu,Fata Morgana,Bart Llopis,Documentary|Drama|Sci-Fi
V92tuV,"Haunting at Silver Falls, A",Schuyler O'Reilly,Horror|Thriller
MFyIoMSci,Fire of Conscience (For lung),Lanette Brisley,Action|Crime|Mystery|Thriller
vdBEE6l,Hang 'Em High,Magnum Bartholomieu,Crime|Drama|Western
bxUWY94I8Ywa,Taming the Fire (Ukroshcheniye ognya),Salvador Castane,Documentary|Drama|Sci-Fi
pBQwVMvt,Plastic Paradise: The Great Pacific Garbage Patch,Israel Rowston,Documentary
IXXR4v0VNx,Imago mortis,Gordie Gilroy,Horror
ULKgI51Gr,Fando and Lis (Fando y Lis),Anet Runcieman,Adventure|Fantasy
IpCa6DSX,"Case for Christ, The",Margaretta Caird,Documentary
NhvJbVmu,Kicking and Screaming,Dela Van der Veldt,Comedy|Drama
OwkgTeXqCM,North (Nord),Onofredo Fortnon,Comedy|Drama
bdTGh6q2YQf,"Wonderful World of the Brothers Grimm, The",Celestina Wife,Adventure|Animation|Children|Comedy|Drama|Fantasy|Musical|Romance
mtPtXmNH6N9,"Moral Tales, Filmic Issues",Orly Keasy,Documentary
jM5rhM,Io Island (Iodo),Freeland Upham,Mystery
mMreLuWqNZlQ,"Way, Way Back, The",Lucy Barrus,Comedy|Drama
xnNze4FVMV,Willie & Phil,Brooks Legge,Comedy|Drama|Romance
nmxJkokI1my,Repulsion,Derron Ladley,Drama|Horror
uFt9Im,Dead Man Walking,Merrily Eddison,Crime|Drama
6WIep3F,"Battle of China, The (Why We Fight, 6)",Flori Camblin,Documentary|War
KGgQv9DP,Cold Storage,Porter Oldroyde,Thriller
4d93u8JUTka,Gaudi Afternoon,Lovell Royden,Comedy|Drama|Mystery
TER2Qx0upx9,Doomsday,Ashil Arnaud,Action|Drama|Sci-Fi|Thriller
0pcB2ET,Power/Rangers,Jenna Fernyhough,Action|Adventure|Sci-Fi
KGbXf4HSbZ,Crash Dive,Krysta Morehall,Drama|Romance|War
reSD7d,Slim Susie (Smala Sussie),Lawry Piesold,Comedy|Crime|Mystery
vbsLbEb,Havoc,Marjie Pering,Crime|Drama|Romance
7eancD7,Outside the Law,Kelsy Geldart,Action
EnxiiINm6,"Cremator, The (Spalovac mrtvol)",Magdaia McCaughey,Comedy|Drama|Horror|Thriller
pZjbFM,Legalese,Sansone MacKall,Crime|Drama|Romance
VgLaOfq,Diggers,Gertrudis Skain,Comedy|Drama
ywAICxY,Godzilla (Gojira),Winny Garnul,Drama|Horror|Sci-Fi
uFjhOuf,Deadly Blessing,Skipper Ower,Horror
Jgqxmi,Santo vs. las lobas,Dugald Wiggett,Action|Fantasy|Horror
VkWhwck,Addams Family Values,Nicol Spittall,Children|Comedy|Fantasy
dhrWLMpW5D,"Last Truck: Closing of a GM Plant, The",Arny Bemlott,Documentary
6hLC6o,Moulin Rouge,Hasheem Hirth,Drama|Musical|Romance
FKeHXnx,"Big Trees, The",Davida Thomson,Action|Drama
ufO3pUC2y,Santitos,Flory Bankes,Comedy
xBAsXLsX,Psychosis,Durante Vauls,Crime|Horror|Mystery
K1jJ5tO,Long Day's Journey Into Night,Tristan Gudgin,Drama
3r8umSmmZCzU,Aurora,Sandye Seefeldt,Romance|Sci-Fi
vJlNyHA,Jack the Giant Killer,Stephenie Condie,Adventure|Fantasy
Oo3BoJfq,Wish You Were Here,Alvis Volkes,Comedy|Drama
cut4w2,Bebe's Kids,Adrianna Ruggiero,Animation|Children|Comedy
fmJCVw5,Across to Singapore,Lauralee Torricella,Drama|Romance
2KPrhn5gAZ8A,Eden,Etan Beck,Crime|Drama
DfqzOyyKz1Fx,Judas Kiss,Francklyn Swin,Crime|Drama|Thriller
WFtVmX1X,What's Eating Gilbert Grape,Iain Patten,Drama
8cTZQVhP,"Three Stooges, The",Idalina Colling,Comedy
haiXNcEZ,Simon & the Oaks,Clio Chainey,Drama
S0ykXyJ,Hoffman,Kerry Whereat,Comedy|Drama|Romance
DPtD3rf,Simon,Guy Ixor,Comedy|Drama
0CT0I8FozH,"Man of Straw (Untertan, Der)",Garvey Windley,Comedy|Drama
bPMeCCWt3zw,Comedy of Innocence (Comédie de l'innocence),Cole Salzberger,Drama|Thriller
AiSzm6,"On Guard (Bossu, Le)",Nora De la Zenne,Adventure|Drama
R4Z820ek5Fpu,"Ace of Hearts, The",Gweneth Dingate,Crime|Drama|Romance
aBcOrP0695,"Whale, The",Myrlene Reaveley,Documentary
wDYDIqUG,Mission Congo,Marian Woofinden,Documentary
umIEznCzS,"Mugger, The (El asaltante)",Kienan Francino,Drama
oUPNi4AR,"Maybe, Maybe Not (Bewegte Mann, Der)",Claribel McCumskay,Comedy
2enTqxq,Spriggan (Supurigan),Ailbert Santo,Action|Animation|Sci-Fi
iTrpsHREyEPR,2009: Lost Memories,Ema Sloegrave,Action|Sci-Fi|Thriller
rPwaDqxiXp0,Sidewalls (Medianeras),Abbey Bugge,Drama
7KXwyFLQfI,3 A.M.,Jeramie Millhill,Crime|Mystery|Romance
mYVJm4SW,"Wet Parade, The",Renell Adamik,Drama|Romance
JVtMeiGOn0T,"Slipper and the Rose, The",Stefano Di Baudi,Adventure|Musical|Romance
x6NPRI,Galaxy Quest,Darb Ickovici,Adventure|Comedy|Sci-Fi
qOyIUXIC,Herbie Rides Again,Holly Ovenden,Adventure|Children|Comedy
yNYq7AH7qt,Krrish 3,Gladys Colquyte,Action|Adventure|Fantasy|Sci-Fi
AeGuucf,"End of the Line, The",Bea Collicott,Documentary
h45WorPdLg,Indestructible Man,Bianca Malletratt,Crime|Horror|Sci-Fi
Bf7huHkcrpY,"Jungle Book 2, The",Nikoletta Wallbridge,Animation|Children
guHnlEn7Ix,Memories of Murder (Salinui chueok),Richie McCrystal,Crime|Drama|Mystery|Thriller
NipMWYUKBwK,Once Were Warriors,Hurley Benasik,Crime|Drama
ZKthjspzAo,Miss Meadows,Jourdan Kohrs,Drama
3UCrCtq,The Prince,Haskel Wayte,Action|Thriller
WkyHm0U,Purple Rain,Reinwald Dewhirst,Drama|Musical
cJOHyWiOeRU,Meet the Applegates,Idalina Culp,Comedy
j79wM3,Life with Mikey,Pier Laneham,Comedy
vt3Y6D2cnvAk,Moonraker,Nobe Aikman,Action|Adventure|Sci-Fi|Thriller
UDzxvzmE9,"Lt. Robin Crusoe, U.S.N.",Donnell Witter,Adventure|Comedy
6g9u7g,Mother,Dale Cope,Comedy
stLI9w9,"Stationmaster Is on Fire - The Movie, That Is!, The (Stinsen brinner... filmen alltså)",Mirabella Plumer,Comedy|Musical
zVVQ9feNW,"Young Lions, The",Carena Patterson,Drama|War
5uuvn8Ze,Bad Blood (Mauvais sang),Annie Ironside,Crime|Drama|Romance
9UkPie,Lisztomania,Annabela Younger,Comedy|Fantasy|Musical
LMxdy3m7w,"White Hunter, Black Heart",Dag Balsom,Adventure|Drama
Kq1M5oJEK,Les Tuche,Jennine Yoodall,Comedy
wRNIp1dQREm,Tales That Witness Madness,Virgie Falloon,Comedy|Horror|Mystery|Sci-Fi
ruYr4VBr6,"Castle of the Living Dead (Castello Dei Morti Vivi, Il)",Carmella Lydon,Horror|Sci-Fi|Thriller
4obEPT,"Runner, The (Davandeh)",Wright Merrington,Drama
14XldVX,Path to War,Rowe Smittoune,Drama
JWoQbfz,Batman Unmasked: The Psychology of the Dark Knight,Reuven De Witt,Documentary
ffYIbUHM5,Broken Trail,Winfred Franzolini,Action|Adventure|Crime|Drama|Western
sr39nnF1f,Knight Without Armor,Rachel Baswall,Adventure|Drama|Romance|Thriller
jOtXul79tR,Eight Legged Freaks,Silvio Furlonge,Action|Comedy|Horror|Sci-Fi
JUKB4J,God's Puzzle (Kamisama no pazuru),Vanni Ashborne,Drama|Sci-Fi
xGMwAEDitH,Vixen!,Kris Tute,Drama
UEoc0Lbi7oU,Loggerheads,Meier Rablan,Drama
7syfiZ,Downstairs,Mirabel Wootton,Drama
wKQYCW,3 Needles,Amye Fevier,Drama
iyLLAM3jG10G,42nd Street,Silvano Hillaby,Drama|Musical|Romance
sodWMgSn,Mega Shark vs. Crocosaurus,Lorin Jzak,Action|Adventure|Horror
OHV1PB,Bad Company,Malina Sidden,Action|Comedy|Crime
qJI4Hh,Dirty Pictures,Ardeen Gittins,Drama
mNA5Aykp7B,"Millionaire for Christy, A (Golden Goose) (No Room for the Groom)",Leontyne Miner,Comedy|Romance
Y08Pk6ieJe,Crimson Gold (Talaye sorgh),Bastien Fairleigh,Drama
jkcPHu,Starlet,Jill Ashdown,Drama
YVJahpAZqD,"Eagle Has Two Heads, The (L'aigle à deux têtes)",Cynde Hammell,Drama
94orfJ,Borderline,Marilin Salzberger,Crime|Drama|Romance
l6BS8kmD,"Life and Times of Hank Greenberg, The",Anson Jeram,Documentary
yDXiuv2,Ask the Dust,Neall Thurbon,Drama|Romance
JWGeuV,"Girl Said No, The",Boothe Joynson,Comedy|Romance
yroO60,Ghost World,Roseann Ternouth,Comedy|Drama
nCUKVxyP,Take Shelter,Breanne Condie,Drama
wtNLmLkMTV,Muddy River,Willem Remmer,Drama
rioAQO,Christopher Columbus: The Discovery,Karlik Thickett,Adventure
Y3T1M21Ze,To Mars by A-Bomb: The Secret History of Project Orion,Kendra Robardley,Documentary
mHFIaa,El malvado Carabel,Calida Algy,Comedy
Ud3bKHl,Racing with the Moon,Welsh Crellin,Comedy|Drama|Romance
xXG0tP5Pihd,3-Iron (Bin-jip),Caritta Madders,Drama|Romance
skcIecTi3,Carbon Nation,Fan Wooderson,Documentary
tKUISECFDnGW,Ornamental Hairpin (Kanzashi),Mariquilla Berston,Drama
xo56ARiG3U,Indestructible Man,Nicolais Lawfull,Crime|Horror|Sci-Fi
bZ6zsxxT2J,"History Boys, The",Troy Scupham,Comedy|Drama
iN68NXjd19T,"Rose Tattoo, The",Erena Elner,Drama|Romance
BTRVgSx5jHv,Zookeeper,Kearney Finders,Comedy
IGbdt8xO,"Cable Guy, The",Vickie Ahren,Comedy|Thriller
uJspjUgG,Holy Rollers,Aili O'Kane,Crime|Drama
3ZrsY95aThy,Flesh and the Devil,Freddie Medlicott,Drama|Romance
f6VOn2I,Alien Nation: Millennium,Rollins Dripp,Sci-Fi
cc9axH,Zouzou,Judi Dron,Comedy
1m79baaEX,Champion,Lottie Rawcliff,Drama|Film-Noir|Romance
52dcXS,Bootmen,Kale Wilsone,Comedy|Drama
9GcMZnb,"Crude Oasis, The",Errol Kippling,Drama|Romance
14XlVpqlL2O,Star Trek IV: The Voyage Home,Tuckie Heaford,Adventure|Comedy|Sci-Fi
eb7T0XREZIDT,"Andalusian Dog, An (Chien andalou, Un)",Karlens Swanne,Fantasy
rahJ5wnkrE,"Other Woman, The",Danie Tubby,Drama
C73lVyUXyvH,"Study in Scarlet, A",Dunstan Figiovanni,Mystery|Thriller
K0wdvb,Noi the Albino (Nói albinói),Stefanie Kenworthey,Drama
vAsMOZRPw,"Walking Dead, The",Calley Cracknell,Crime|Horror|Sci-Fi
b2AjxWwhKke,"Breaking Point, The",Vania Lau,Crime|Drama|Film-Noir
muhkoR,"Music of Chance, The",Betsey Olkowicz,Drama
JaV9KGmm,The Mountain of the Cannibal God,Zach Kindleysides,Adventure|Horror
lFCEc9,The Pacific,Ham Scading,Action|Adventure|Drama|War
nikF256,"Sign of Four, The",Wayland Inold,Crime|Mystery
KV0qHA511E,"Adventures of Ford Fairlane, The",Conny Swaite,Action|Comedy
Sp4KZjqVFg,1941,Winny Joll,Comedy|War
i0sciupXj,Forced Vengeance,Thorndike Ramage,Action|Adventure
wYHrZj,I Am Love (Io sono l'amore),Dollie Loughton,Drama|Romance
6ExNQ2knZOKR,Siegfried & Roy: The Magic Box,Pat Lamputt,Documentary|IMAX
twpyIrl,Promise of the Flesh (Yukcheui yaksok),Ignacius Gumme,(no genres listed)
K38rD5O6V1J,"Method, The (Método, El)",Morty Laise,Drama
bt0T8MVd,Flirtation Walk,Trudy Choke,Musical|Romance
pubT9T8r,Cinderella III: A Twist in Time,Abby Fawdry,Animation|Children|Fantasy|Romance
4eqCDdW,Wolves,Donaugh Shepland,Documentary|IMAX
rSMP20COaxFt,Harum Scarum,Jaquenette Teague,Comedy|Musical
cB3icb6RE25,Reel Bad Arabs: How Hollywood Vilifies a People,Jeri Messent,Documentary
UmVdlN77Vp,RoboCop,Sylvester Pasticznyk,Action|Crime|Sci-Fi|IMAX
r97k8HaT1I,Cold Showers (Douches froides),Dalt Setford,Drama
RGEBGU5kq,Suicide Killers,Kaia Gore,Documentary
q92S9p81e,Slow Burn,Mufinella Dickon,Drama|Mystery|Thriller
o0LsrsO3yr,Babes on Broadway,Madlin Larwell,Comedy|Musical|Romance
xPagjAFs,Stolen (Stolen Lives),Saidee Duchan,Crime|Drama|Mystery|Thriller
I5w8PTvwKdg,Futuresport,Ortensia Gooda,Action|Sci-Fi|Thriller
Oz6rRYe8,Project Nim,Avis Handscombe,Documentary
n7RJDe6,Orgazmo,Lisha Glenton,Comedy
1Qwt7xMexc,Cracks,Ev Crunden,Drama|Romance|Thriller
Y9s3jaWJzcz,Belly of the Beast,Salvador Northwood,Action
qyWMODNIW,Symmetry (Symetria),Sib Pavolini,Crime|Drama
o5IHHJ0cY,Amber Alert ,Sabine Casillis,Thriller
6TEeKZJqS,Nothing to Lose (a.k.a. Ten Benny),Rachael Hildrew,Drama
JPSs0o2mke,"Heart Is Deceitful Above All Things, The",Chevy Woodsford,Drama
LUTkIen1,Street Fighter,Babita Houseley,Action|Adventure|Fantasy
EZyHfv8fPzXy,Gabriela,Sela Taleworth,Comedy|Drama|Romance
W7CXZLdo,Daughters of the Dust,Olenolin O' Neligan,Drama
8O73Mql,Taken 2,Brady Brisard,Action|Crime|Drama|Thriller
L2r9evb,"Mystery of Picasso, The (Le mystère Picasso)",Stewart Philbrick,Documentary
owu4EnBRg1,"Haunting, The",Ruthy Guiel,Horror|Thriller
ICzLeev7,"War Tapes, The",Roanna Rapps,Documentary|War
YwDn7iarC0,Summer in February,Schuyler Jeyes,Drama|Romance
kcP54mHji,"Land Girls, The",Lavina Bindin,Drama|War
4dr5hUxe0v,Addams Family Reunion,Myrtia Pala,Children|Comedy|Fantasy
jisgbsLEuYG,"Music Lovers, The",Nobe Urwin,Drama
Yg4uGN4,Phenomena (a.k.a. Creepers),Ario Blowen,Horror|Mystery|Thriller
6cbnx1I,Voyage to Cythera (Taxidi sta Kythira),Asher Mattusevich,Drama
33iH6qVrP,Premiers désirs,Johnath Christofe,Drama|Romance
ac3ikOBgLvG,Sometimes a Great Notion,Vincent Sawle,Action|Adventure|Drama
RCDCrr0jIBRz,Accident on Hill Road,Theresina Izzett,Crime|Drama|Thriller
k7OAhhjy,Clownhouse,Caitlin Rainger,Horror
8jMTED,I.Q.,Harley Eglin,Comedy|Romance
3tq6TOvA,Cencoroll,Sollie Checo,Action|Animation|Sci-Fi
rjM4im,A Gathering of Eagles,Latrina Tirrell,Drama|Romance
dfSHePRa6,Pressure Point ,Emilie Remington,Drama
oNC90KxuB,"Believer, The",Darn Ummfrey,Drama
g6pB7N,Sympathy for Mr. Vengeance (Boksuneun naui geot),Cybill MacGrath,Crime|Drama
zAd0oqzt,"Million, Le (Million, The)",Alric Shallow,Comedy|Musical
AAZrLw,Oblivion,Baxie Bickerstasse,Action|Adventure|Sci-Fi|IMAX
0aZ8TbUHuVp,"Theory of Flight, The",Jolee Geane,Comedy|Drama|Romance
cCoTeNrXPD,Against the Ropes,Selinda Yerrall,Comedy|Drama
qPOjJI,"Truth, The ",Alric Riste,Thriller
9O0UfnvJM,"Muppet Christmas Carol, The",Teddi Biggerstaff,Children|Comedy|Musical
y40BMx,Sunshine,Jedd Bette,Adventure|Drama|Sci-Fi|Thriller
J4R157VyyKi,Power/Rangers,Ronni Stollery,Action|Adventure|Sci-Fi
BGrrTjBH,He Died With a Felafel in His Hand,Mauricio Shurmore,Comedy
1geVWQsDHnJ,"Murder, My Sweet",Andre Hayles,Crime|Film-Noir|Thriller
C3xtK7Rr9,Uncounted: The New Math of American Elections,Fowler Scotland,Documentary
3uDKZRj,Nancy Drew: Detective,Hubey Cullnean,Comedy|Mystery
VEWFDh1Ej,Haaveiden kehä,Grethel Purchon,Drama
8xqa3P,When You're Strange,Filmore Janos,Documentary
2cwyfZD,"Chronicles of Narnia: The Lion, the Witch and the Wardrobe, The",Annelise Izatt,Adventure|Children|Fantasy
Em2apP,Big Trouble in Little China,Willdon Currum,Action|Adventure|Comedy|Fantasy
sAhbR62vwoI,And the Band Played On,Nadeen Baseggio,Drama
8B02850nEgv,The Shadow of the Eagle,Jackquelin Giraths,Crime|Drama|Mystery|Thriller
3aVuXA56j,Pumpkinhead II: Blood Wings,Ricki O'Bradain,Horror|Thriller
izt1qvS,In the Year of the Pig,Benedetta Henworth,Documentary|War
uZXk1mZ,"Quiet Duel, The (Shizukanaru ketto)",Matthaeus Sleight,Drama
T678zQYJ,"Unbelievers, The",Tonye Phelps,Documentary
hHu0FzqL7Qk,10.5: Apocalypse,Gustavo Stanlack,Drama|Sci-Fi|Thriller
wHYlyApGU,Steam,Quint Itzkovsky,Comedy|Drama|Romance
NqV36guFm3ry,On a Clear Day You Can See Forever,Derk Furlonge,Comedy|Musical|Romance
sOVNFtJDE,"Out of Towners, The",Joan Grunwall,Comedy
WSwvyeb6ZMC0,"Last Hard Men, The",Lonnie Ingleston,Western
D3Of0x0t8,New York Cop (Nyû Yôku no koppu),Mortimer Bonniface,Action|Crime
fnBDQC68j,Alien Hunter,Orlan Vallery,Action|Sci-Fi|Thriller
EX4vcaMT,Montenegro,Foss Daughton,Comedy|Drama
FckeL4rc,"Teacher, A",Shannah Allmann,Drama
6EKHFWKlNd9X,Safe,Brynn Swiggs,Action|Crime|Thriller
rfIzCXp,White Squall,Kelli McCrackem,Action|Adventure|Drama
ZpKd6IOG0T0,Grand Piano,Ola Wetton,Mystery|Thriller
tfH4ZLX,The Magic Crystal,Alys Steels,Adventure|Animation|Children|Comedy|Fantasy
oPlp9rXPOugY,I'll See You in My Dreams,Ermina Kavanagh,Comedy|Drama
iC1HGQ,"Internet's Own Boy: The Story of Aaron Swartz, The",Roderich Back,Documentary
LeZU1xtFNN8,Ms. 45 (a.k.a. Angel of Vengeance),Ardeen Kunrad,Crime|Drama
oP7wQvqX,Just Between Friends,Tripp Macklin,Drama
NW0KF6,"Premature Burial, The",Lotti Worters,Horror
Uwx9S1,"Lady, The",Gretta Galland,Drama
aJTgaslxt,Stuart Little,Bernadette Advani,Children|Comedy|Fantasy
euB6M1t9,Don't Tell Mom the Babysitter's Dead,Raimund Rowbottam,Comedy
fomTwD,Happy Times (Xingfu shiguang),Ronnie Spurling,Comedy|Drama
VWWxO6WD7Tn,Rosa Luxemburg,Rosaline MacDowall,Drama
JpGfyqDLbA,Street People,Lelia Pietasch,Action|Thriller
IM6V6H,Picture This,Margery Sissens,Comedy|Drama|Romance
QOzgMQ,Stepfather II,Elnore Yacobsohn,Horror|Thriller
gWnheXUP,Show,Pace Mulvey,Comedy|Crime|Drama
MbKYwqm9uA,"Standing Aside, Watching",Licha Giocannoni,Drama
K7hthpVtmF,Late Autumn (Man-choo),Magdalena Winwright,Drama|Romance
IU2miOu2,Sincerely Yours,Larissa Burford,Drama|Musical
pwsDVVmnqZXW,Afterburn,Harris Vassie,Drama
pdb0PsN,Creator,Fielding McMeekan,Comedy|Drama|Romance
MY62xww,Charlie Countryman,Shaughn Forson,Action|Comedy|Romance
Issr5tcI,Titanic,Everard Kirmond,Drama|Romance
Vfi4gSVb,City Slacker,Shepherd Padfield,Romance
N4MquLUB8xRN,I Am (Jestem),Aurore Risely,Drama
3zDOni7ol,Green Light,Sam Paige,Drama|Romance
DdRz3G,Samurai Fiction (SF: Episode One),Adam Trudgion,Action|Adventure|Comedy
OEFfnbGiSKP,Who Are the DeBolts? [And Where Did They Get 19 Kids?],Addy Yellowlees,Documentary
laRxglRuTT,"Blob, The",Donalt Astupenas,Horror|Sci-Fi
7Tu9ju,7 Days in Havana,Gaylord Escoffier,Drama
fjk7NG8,"1000 Eyes of Dr. Mabuse, The (Die 1000 Augen des Dr. Mabuse)",Donalt Runnalls,Crime|Horror|Mystery|Thriller
xP1gQvI8hs,"Challenge, The",Dorey Turle,Action
MzCe48BoMPM,Sweeney Todd,Peria Peacher,Crime|Drama|Horror|Thriller
2hCXW5,"Company of Wolves, The",Katerine Tedahl,Fantasy|Horror
MakEbc,Boyz N the Hood,Kassandra Ramsby,Crime|Drama
3kHnCfIU,Summer in Berlin (Sommer vorm Balkon),Anjela Folomin,Drama
s9T9mUzeF,Japanese Story,Goldy Curcher,Drama
8ogvsbl,"Crew, The",Rosamond Taffe,Action|Crime|Drama|Thriller
ZzR5u1mYXVP,Far from Home,Peggie Martinat,Thriller
87i2eyVSrQ,School For Scoundrels,Alexei Scare,Comedy
2wCq3AZUn,"American Soldier, The (Der amerikanische Soldat)",Cordie Willgrass,Drama
UjZkJ0Jx,Wicked,Kingston Brannan,Thriller
5Kh7kaGd,Richard III,Spencer Harriott,Drama
3xzt6xS,"Black Balloon, The",Suellen Bilt,Drama
C1XmvXoqSx,Red Obession,Antonina Collip,Documentary
XWeKJpqUvm5,Beethoven,Ephraim Wieprecht,Children|Comedy|Drama
gKWe6pqEOgj,City by the Sea,Zane Challicum,Crime|Drama
i2IFNrCO,Chouchou,Bessie Finlayson,Comedy
6TSWTmAVs,Designing Woman,Gusty Iggalden,Comedy
99vFmJgh,Lady Dragon,Larine Cleaton,Action|Drama
hjxvbj2,Welcome to Sherwood! The Story of 'The Adventures of Robin Hood',Skelly Giacomo,Documentary
6hd6ePbai2J,"Hands of Orlac, The (Orlacs Hände)",Bobbee Willoughey,Crime|Horror
6f9QF20tqIV,Our Life (La nostra vita),Red Tassell,Drama
HLdvA9YKTGD,"Vault of Horror, The",Chad Eayrs,Horror|Mystery
fVyFJVed,O Lucky Man!,Annnora Whittaker,Comedy|Drama|Fantasy|Musical
bWgLOuZQz,Tattoo,Collette Darke,Drama|Thriller
c85VT0zeaYq,How the West Was Fun,Rodie McCombe,Children|Western
ZIknjsZXI,History of Kim Skov (Historien om Kim Skov),Ferrell Folland,Documentary|Drama
iDdxoEkqS25L,Tristana,Terrel Pashenkov,Drama
dk8PFB,Forever Mine,Shane Sendall,Crime|Drama|Romance|Thriller
v8FNhomC,Secret Agent,Codi Gloves,Thriller
8CNR9ZL,Imitation of Life,Eleonore Tolemache,Drama|Romance
RwM4O9pUDG3,Fandango,Killie Surgison,Comedy
TluFe7,"Story of Me, The (O contador de histórias)",Artemis Coll,Drama
M8rfBT9dRY05,Battle of the Warriors,Danyette Wrate,Action|Drama|War
fPEMaVln4A0A,The Little Death,Freddie Bea,Comedy
AJVCgfewXtV,"War Room, The",Rikki Filippone,Documentary
PLQPJxBqqe,Heroine,Gaven Cowap,Drama
B7Rlin9pvP,Foreign Land (Terra Estrangeira),Pail Leaney,Action|Crime|Drama|Romance|Thriller
ILnY0L,Rising Sun,Keefer Loader,Action|Drama|Mystery
HcNDIcA,Burn,Elwood Stenner,Documentary
5R09UHPjYCWD,Mon Paradis - Der Winterpalast,Kellsie Berrey,Documentary
hruhnY,Finding North,Gabe Gainsborough,Comedy|Drama|Romance
MvxigE1,Komodo,Kristopher Byrch,Horror|Sci-Fi|Thriller
Kgdq2jeX2,Angel and the Badman,Tilly Bruin,Romance|Western
1FRVIYQLTyuQ,Finian's Rainbow,Caye Eisak,Fantasy|Musical
nDAIVSKYVJE,"Simple Life of Noah Dearborn, The",Darby Bendson,Drama
M9kwb4HA,Faster,Gretel Bernaldo,Action|Crime|Drama
qcPONaa,"Last Days, The (Últimos días, Los)",Stephen Alabone,Adventure|Sci-Fi|Thriller
WRAPe3EQPh9,"Inner Life of Martin Frost, The",Chic Rounsefull,Comedy|Drama
bmzXw1lF,Dead Ringers,Sorcha Sexty,Drama|Horror|Thriller
OeIX9BQC,Bring Me the Head of Alfredo Garcia,Alexandros Giorgio,Crime|Drama|Thriller
s2V61h,Twice Upon a Time,James McCloud,Animation|Fantasy
e600mJ,My Neighbor Totoro (Tonari no Totoro),Pauline Lymbourne,Animation|Children|Drama|Fantasy
WHEFU2,Gloria,Perry Friskey,Comedy|Drama
vT06GAdI,Honest Man: The Life of R. Budd Dwyer,Lilly Rosewall,Documentary
qQLWExym,Rapture (Arrebato),Doe Comins,Drama|Horror
IphSIbUAgOX,Frenzy,Emmerich Woodrooffe,Thriller
lla4sxyHgLZz,Rush Hour 3,Inger Proppers,Action|Comedy|Crime|Thriller
wvbHkEAoMNRv,Gantz,Kym Prene,Action|Horror|Sci-Fi
tcDx9kG,Ruby Gentry,Bil Patmore,Drama
qxf6ume6FI,Nadine,Roch Bisgrove,Comedy
oZ2ndlKoLVW,Tall Story,Cosetta Boldero,Comedy
bVISSvqC5eG,Three-Step Dance,Arielle Dooler,Drama
urEhwBhIT5m,This Christmas,Urbain Beel,Comedy|Drama|Romance
8ohhNCDf8AZ,Fiend with the Electronic Brain (Blood of Ghastly Horror),Corene Giovannilli,Horror|Sci-Fi
uZjHvu4x,"Santa Clause 2, The",Tymon Eldritt,Children|Comedy|Fantasy|Romance
XnqStlsl,Chained,Meta Cashmore,Horror|Thriller
VjjboXMn,Krush Groove,Margi Bosket,Drama|Musical
Ky7x6V36wjV,Numb,Giacobo Lamberth,Comedy|Drama|Romance
oxKCMEnjl,The White Sister,Stirling Southerton,Drama|Romance
5QGRYP4,"Perfect Human, The (Perfekte Menneske, Det)",Mable Reasce,Documentary
ko2GXW7MmBd,Revenge of the Pink Panther,Hanan Sier,Comedy|Crime
XKTejKnUwJc,Jack Ryan: Shadow Recruit,Dyanna McKeurton,Action|Drama|Thriller|IMAX
cPhOqLvXk,Riot On!,Nolan Cobbledick,Documentary
5y1FZksGg,"Lives of a Bengal Lancer, The",Sileas Sawyers,Adventure|Drama
dmazxL,After Porn Ends,Linell Corney,Documentary
nYm2bI,Paranormal Activity,Molli Blanchette,Horror|Thriller
F1RmFF80,Besotted,Clarence Ebi,Drama
DdwIoI1iA,Robin Hood,Peder Breem,Action|Adventure|Drama|Romance|War
IjmQYNgaZXG,Seven Brides for Seven Brothers,Corliss Dunthorn,Comedy|Musical|Romance|Western
6DROj2n,Rage,Selle Piotrowski,Action|Crime|Thriller
r6mnUmWhIqt,Into the Storm,Bertha Rame,Action|Thriller
IIZX8r,Rosewater,Alison Sustin,Drama
vbVbjn,Will It Snow For Christmas? (Y'aura-t-il de la neige à Noël?),Lennard Folkerd,Drama
YIAhOrAfKBN,Mother (Madeo),Amory Runge,Crime|Drama|Mystery|Thriller
thjjfy,Henry: Portrait of a Serial Killer,Nolie Lammie,Crime|Horror|Thriller
2mrTvUb0V,Pumping Iron II: The Women,Ranee Popplewell,Documentary
UN4XJcB,Hell's Highway,Lexine Parkisson,Crime|Drama
AmvOSn,Piripäiväkirja,Harley Tunnock,Documentary
rUymIZtLPRP,Aloha Summer,Rani Mixhel,Comedy|Drama
aozkZvnF,Charlie Chan in Shanghai,Skipp Sparshutt,Comedy|Crime|Mystery|Thriller
rVps2Ohz,Fled,Waldo Bolland,Action|Adventure
PKQWukdYFZ5,American: The Bill Hicks Story,Merola Bolliver,Comedy|Documentary
cNMkka5kSbxB,Alone (Issiz adam),Debora Clandillon,Drama|Romance
AWk4fDJFW5tq,40 Guns to Apache Pass,Benny Gianotti,Adventure|Romance|Western
1kYfs1,"Big White, The",Dalenna Gopsill,Comedy|Crime|Drama
CMmSUEe5,"Forty-first, The (Sorok pervyy)",Rowland Leatherland,Drama|Romance|War
a1mQNL,Ringu 0: Bâsudei,Peadar Staterfield,Drama|Horror|Thriller
2rxEwS,Navy Blues,Petronilla Stummeyer,Comedy|Drama
uzd1vbh,Mutual Appreciation,Hortense Hasluck,Comedy|Drama
qA6zuqr5Ki,Man at Bath (Homme au bain),Prisca Robion,Drama
mxAPfbY6ZVh,"Saimaa Gesture, The (Saimaa-ilmiö)",Karleen Steutly,Documentary
AheQdXGenC,Resistance,Bing Stoffersen,Drama|Romance|War
IGHPfmhQW,How the Myth Was Made: A Study of Robert Flaherty's Man of Aran,Valery Bywater,Documentary
81CHH2X5dy,China Blue,Giff Slucock,Documentary
do57nZE4uxg,What! No Beer?,Raina Vickars,Comedy
5TPAA9,Blondie of the Follies,Miguela Carless,Comedy
9UfHoxAC,Mr. Warmth: The Don Rickles Project,Hilde Vasilenko,Documentary
aGSqgxvV,"Sound of Fury, The",Shurlocke Tofanelli,Crime|Drama|Film-Noir
pJrOqtH0,Transfer,Alvira Dudliston,Drama|Sci-Fi
1DmlRnw3a,Tell Them Anything You Want: A Portrait of Maurice Sendak,Guglielma Aronowitz,Documentary
qlqsemdzeI,"Princess of Montpensier, The (La princesse de Montpensier)",Lyndsey Kinton,Action|Drama|Romance
O48o0HQ,Blood River,Shel O'Kennedy,Horror|Thriller|Western
U3vyEGk3sv8,Ninja Assassin,Gaven Greensitt,Action|Crime|Drama|Thriller
BLvK56HyzG9,Shottas,Emiline Hauxwell,Action|Crime|Drama
ewvqJY,"American Crime, An",Merola Pinkett,Crime
LHeeztMiS,Harry Potter and the Prisoner of Azkaban,Orly Wimpenny,Adventure|Fantasy|IMAX
xZNXbe,Pulse,Daryle Heinzler,Action|Drama|Fantasy|Horror|Mystery|Sci-Fi|Thriller
OojZHUKJ,In a Better World (Hævnen),Maura O'Lenane,Drama
2chfAkZ,Enter the Void,Wilbur Cromblehome,Drama
QtIxBC,"Night in Old Mexico, A",Mufi Nuth,Drama|Western
ET8TuyzYl,Helen of Troy,Borden McDonnell,Action|Adventure|Drama|Romance
CaCK9I,Under Fire,Gerry Maudett,Drama|Thriller|War
KWPoF3O0mfko,Legend of the Black Scorpion (a.k.a. The Banquet) (Ye yan),Luci Willgress,Action|Drama|Fantasy|War
fTv4fcgShH,"Pretty Village, Pretty Flame (Lepa sela lepo gore)",Brooks Redwin,Drama|War
VrCLc4,Comic Book Confidential,Concordia Gaiter,Documentary
0RxbaInc2,"Mask of Fu Manchu, The",Gerty Stille,Adventure|Horror|Sci-Fi
cxUISXEX8cQj,Inside,Lodovico Efford,Action
TQvmOpPQ,Keep the Lights On,Shae Tall,Drama
qUbf5TVw,Soap Girl,Cheslie Gamage,Drama|Romance
pp1mDUf5v,"Wind, The",Carter Kittredge,Drama|Western
8APEL3,My Father the Hero,Candida Macquire,Comedy|Romance
vmo4IuB0w,Eden Log,Goldarina Mulford,Horror|Mystery|Sci-Fi|Thriller
SE2AUhaYXgx,Bring It On: Fight to the Finish,Morey Goroni,Comedy
nucl8bcUX3,"Wedding Singer, The",Lyell Ciccerale,Comedy|Romance
jYKxH4XL3t3,Blank City,Orbadiah Ness,Documentary
3fYd9I,Thesis on a Homicide,Rachele Bondar,Crime|Mystery|Thriller
VEx6xkdcRzYG,Enter the Void,Dasie Rankine,Drama
waDuiFcZ,Arbitrage,Lonna Guerre,Drama|Thriller
087l6uGHB,You're Next,Leandra Spurrior,Horror|Thriller
4Q9AKfae,"Doctor and the Devils, The",Randy Russilll,Drama|Horror
NjqpA8WFu,Safe Conduct (Laissez-Passer),Boigie Dugget,Drama|War
W7dUWYTzGGFc,Goal II: Living the Dream,Israel Lau,Action|Drama
AXxs3tX12,Virgin Territory,Durand Asty,Adventure|Comedy|Romance
LDom7WsxQH,First Target,Barri Orteaux,Action
NLR2MAAm,Trixie,Rhys Wrightham,Comedy|Crime|Mystery
ILUcFhdM89ZH,"Student Prince in Old Heidelberg, The",Merv Flieger,Drama|Romance
5MRHFvMTM,"Substance: Albert Hofmann's LSD, The",Raquel McGettrick,Documentary
Ii67ay,"Thief of Paris, The (Le voleur)",Davon Kilfeather,Comedy|Crime|Drama
wMDAUSWd3R,Sunset Park,Elise Scouse,Drama
dliBvuQK,"Light at the Edge of the World, The",Mar Pavey,Adventure
l5XO26sOfjw,Avenue Montaigne (Fauteuils d'orchestre),Robinia Wood,Comedy|Drama|Romance
qeHcrybL,House of Women,Ibbie Pudden,Crime|Drama
NVYHWQsMk,Passion,Michal Chitham,Crime|Drama|Mystery|Thriller
8DG3rqQszvj,Hotte in Paradise (Hotte im Paradies),Reade Templeton,Drama
iSjWHrY9ECq,"Turandot Project, The",Mikael Devil,Documentary
sqgSECZr0,Maximum Risk,Bear Laver,Action|Adventure|Thriller
DiLyrvaEJ,Gun Shy,Linc Dawidowitz,Comedy
mB7YObs0GD,Go West,Grazia Kilduff,Comedy|Western
0QjCf4SyiTgI,"Theory of Everything, The",Reggi Snoxill,Drama
eXlmo5hjab,Against the Current,Hollis Dorwood,Drama
xXalKoh9QR,Pocketful of Miracles,Aeriell Gerretsen,Comedy|Drama
nzL8xFJOZLUj,Santa Claus Has Blue Eyes (Le père Noël a les yeux bleus),Kandace Balnave,Drama
UW0KwdDZcXcZ,Dylan Moran Live: What It Is,Kelley Yglesia,Comedy
QAVVKauf,Can't Stop the Music,Thibaud Fernehough,Comedy|Musical
xkmsIxLdDx,Penn & Teller Get Killed,Taylor Ishak,Adventure|Comedy
0H004Tmo,"Kiss Me, Stupid",Evania Ritchman,Comedy
H7nk4VXmvn0,Bloodsport 2 (a.k.a. Bloodsport II: The Next Kumite),Brannon Ebben,Action
xFMrABYoc,Camouflage (Barwy ochronne),Dulcinea Southwell,Comedy|Drama
L3bgAdNqv,Waterland,Benjamin Olorenshaw,Drama
NJO81F42l,"Double, The",Kimberly Battams,Action|Crime|Drama|Mystery|Thriller
m8m3eMaZbBb,"Danger! 50,000 Zombies",Sarah Patchett,Comedy|Horror
H5jsqNfhP,Giallo,Georgette Chick,Crime|Horror|Thriller
8fdSKynywdC,Rope,Dorolisa Morrid,Crime|Drama|Thriller
lHYYQTr,Ariel,Roby Konneke,Drama
dBWZfX,"Caddy, The",Linn Echalier,Comedy|Musical
v7asuSkXm,Desperate Search,Enrichetta Farndale,Adventure|Drama
MquFFyIRJx,"Last Kiss, The",Ginelle Goodswen,Comedy|Drama
eOHhRIypgiy7,Roadracers,Thor Paslow,Drama
aqTzYu0jvNua,"Great Ecstasy of Woodcarver Steiner, The (Große Ekstase des Bildschnitzers Steiner, Die)",Marget Ridel,Documentary
ft3iraBvoIV,Arn: The Kingdom at Road's End (Arn: Riket vid vägens slut),Fae Rycraft,Action|Adventure|Drama|Romance|War
RkETnMDL,The Trip to Bountiful,Aurie Camilio,Drama
C0QJC2q,Anger Management,Carolyn Sket,Comedy
dcK4SO,"Windmill Movie, The",Nolana Frayling,Documentary
5c2060,"Raven, The",Deb Hinder,Crime|Horror|Thriller
